date,value
2022-06-18 00:01:00.000,20
2022-06-18 00:02:00.000,195
2022-06-18 00:03:00.000,28
2022-06-18 00:04:00.000,221
2022-06-18 00:05:00.000,36
2022-06-18 00:06:00.000,247
2022-06-18 00:07:00.000,44
2022-06-18 00:08:00.000,273
2022-06-18 00:09:00.000,52
2022-06-18 00:10:00.000,299
2022-06-18 00:11:00.000,60
2022-06-18 00:12:00.000,325
2022-06-18 00:13:00.000,68
2022-06-18 00:14:00.000,351
2022-06-18 00:15:00.000,76
2022-06-18 00:16:00.000,377
2022-06-18 00:17:00.000,84
2022-06-18 00:18:00.000,403
2022-06-18 00:19:00.000,92
2022-06-18 00:20:00.000,429
2022-06-18 00:21:00.000,100
2022-06-18 00:22:00.000,455
2022-06-18 00:23:00.000,108
2022-06-18 00:24:00.000,481
2022-06-18 00:25:00.000,116
2022-06-18 00:26:00.000,507
2022-06-18 00:27:00.000,124
2022-06-18 00:28:00.000,533
2022-06-18 00:29:00.000,132
2022-06-18 00:30:00.000,559
2022-06-18 00:31:00.000,140
2022-06-18 00:32:00.000,585
2022-06-18 00:33:00.000,148
2022-06-18 00:34:00.000,611
2022-06-18 00:35:00.000,156
2022-06-18 00:36:00.000,637
2022-06-18 00:37:00.000,164
2022-06-18 00:38:00.000,663
2022-06-18 00:39:00.000,172
2022-06-18 00:40:00.000,689
2022-06-18 00:41:00.000,180
2022-06-18 00:42:00.000,715
2022-06-18 00:43:00.000,188
2022-06-18 00:44:00.000,741
2022-06-18 00:45:00.000,196
2022-06-18 00:46:00.000,767
2022-06-18 00:47:00.000,204
2022-06-18 00:48:00.000,793
2022-06-18 00:49:00.000,212
2022-06-18 00:50:00.000,819
2022-06-18 00:51:00.000,220
2022-06-18 00:52:00.000,845
2022-06-18 00:53:00.000,228
2022-06-18 00:54:00.000,871
2022-06-18 00:55:00.000,236
2022-06-18 00:56:00.000,897
2022-06-18 00:57:00.000,244
2022-06-18 00:58:00.000,923
2022-06-18 00:59:00.000,252
2022-06-18 01:00:00.000,949
2022-06-18 01:01:00.000,260
2022-06-18 01:02:00.000,975
2022-06-18 01:03:00.000,268
2022-06-18 01:04:00.000,1001
2022-06-18 01:05:00.000,276
2022-06-18 01:06:00.000,1027
2022-06-18 01:07:00.000,284
2022-06-18 01:08:00.000,1053
2022-06-18 01:09:00.000,292
2022-06-18 01:10:00.000,1079
2022-06-18 01:11:00.000,300
2022-06-18 01:12:00.000,1105
2022-06-18 01:13:00.000,308
2022-06-18 01:14:00.000,1131
2022-06-18 01:15:00.000,316
2022-06-18 01:16:00.000,1157
2022-06-18 01:17:00.000,324
2022-06-18 01:18:00.000,1183
2022-06-18 01:19:00.000,332
2022-06-18 01:20:00.000,1209
2022-06-18 01:21:00.000,340
2022-06-18 01:22:00.000,1235
2022-06-18 01:23:00.000,348
2022-06-18 01:24:00.000,1261
2022-06-18 01:25:00.000,356
2022-06-18 01:26:00.000,1287
2022-06-18 01:27:00.000,364
2022-06-18 01:28:00.000,1313
2022-06-18 01:29:00.000,372
2022-06-18 01:30:00.000,1339
2022-06-18 01:31:00.000,380
2022-06-18 01:32:00.000,1365
2022-06-18 01:33:00.000,388
2022-06-18 01:34:00.000,1391
2022-06-18 01:35:00.000,396
2022-06-18 01:36:00.000,1417
2022-06-18 01:37:00.000,404
2022-06-18 01:38:00.000,1443
2022-06-18 01:39:00.000,412
2022-06-18 01:40:00.000,1469
2022-06-18 01:41:00.000,420
2022-06-18 01:42:00.000,1495
2022-06-18 01:43:00.000,428
2022-06-18 01:44:00.000,1521
2022-06-18 01:45:00.000,436
2022-06-18 01:46:00.000,1547
2022-06-18 01:47:00.000,444
2022-06-18 01:48:00.000,1573
2022-06-18 01:49:00.000,452
2022-06-18 01:50:00.000,1599
2022-06-18 01:51:00.000,460
2022-06-18 01:52:00.000,1625
2022-06-18 01:53:00.000,468
2022-06-18 01:54:00.000,1651
2022-06-18 01:55:00.000,476
2022-06-18 01:56:00.000,1677
2022-06-18 01:57:00.000,484
2022-06-18 01:58:00.000,1703
2022-06-18 01:59:00.000,492
2022-06-18 02:00:00.000,1729
2022-06-18 02:01:00.000,500
2022-06-18 02:02:00.000,1755
2022-06-18 02:03:00.000,508
2022-06-18 02:04:00.000,1781
2022-06-18 02:05:00.000,516
2022-06-18 02:06:00.000,1807
2022-06-18 02:07:00.000,524
2022-06-18 02:08:00.000,1833
2022-06-18 02:09:00.000,532
2022-06-18 02:10:00.000,1859
2022-06-18 02:11:00.000,540
2022-06-18 02:12:00.000,1885
2022-06-18 02:13:00.000,548
2022-06-18 02:14:00.000,1911
2022-06-18 02:15:00.000,556
2022-06-18 02:16:00.000,1937
2022-06-18 02:17:00.000,564
2022-06-18 02:18:00.000,1963
2022-06-18 02:19:00.000,572
2022-06-18 02:20:00.000,1989
2022-06-18 02:21:00.000,580
2022-06-18 02:22:00.000,2015
2022-06-18 02:23:00.000,588
2022-06-18 02:24:00.000,2041
2022-06-18 02:25:00.000,596
2022-06-18 02:26:00.000,2067
2022-06-18 02:27:00.000,604
2022-06-18 02:28:00.000,2093
2022-06-18 02:29:00.000,612
2022-06-18 02:30:00.000,2119
2022-06-18 02:31:00.000,620
2022-06-18 02:32:00.000,2145
2022-06-18 02:33:00.000,628
2022-06-18 02:34:00.000,2171
2022-06-18 02:35:00.000,636
2022-06-18 02:36:00.000,2197
2022-06-18 02:37:00.000,644
2022-06-18 02:38:00.000,2223
2022-06-18 02:39:00.000,652
2022-06-18 02:40:00.000,2249
2022-06-18 02:41:00.000,660
2022-06-18 02:42:00.000,2275
2022-06-18 02:43:00.000,668
2022-06-18 02:44:00.000,2301
2022-06-18 02:45:00.000,676
2022-06-18 02:46:00.000,2327
2022-06-18 02:47:00.000,684
2022-06-18 02:48:00.000,2353
2022-06-18 02:49:00.000,692
2022-06-18 02:50:00.000,2379
2022-06-18 02:51:00.000,700
2022-06-18 02:52:00.000,2405
2022-06-18 02:53:00.000,708
2022-06-18 02:54:00.000,2431
2022-06-18 02:55:00.000,716
2022-06-18 02:56:00.000,2457
2022-06-18 02:57:00.000,724
2022-06-18 02:58:00.000,2483
2022-06-18 02:59:00.000,732
2022-06-18 03:00:00.000,2509
2022-06-18 03:01:00.000,740
2022-06-18 03:02:00.000,2535
2022-06-18 03:03:00.000,748
2022-06-18 03:04:00.000,2561
2022-06-18 03:05:00.000,756
2022-06-18 03:06:00.000,2587
2022-06-18 03:07:00.000,764
2022-06-18 03:08:00.000,2613
2022-06-18 03:09:00.000,772
2022-06-18 03:10:00.000,2639
2022-06-18 03:11:00.000,780
2022-06-18 03:12:00.000,2665
2022-06-18 03:13:00.000,788
2022-06-18 03:14:00.000,2691
2022-06-18 03:15:00.000,796
2022-06-18 03:16:00.000,2717
2022-06-18 03:17:00.000,804
2022-06-18 03:18:00.000,2743
2022-06-18 03:19:00.000,812
2022-06-18 03:20:00.000,2769
2022-06-18 03:21:00.000,820
2022-06-18 03:22:00.000,2795
2022-06-18 03:23:00.000,828
2022-06-18 03:24:00.000,2821
2022-06-18 03:25:00.000,836
2022-06-18 03:26:00.000,2847
2022-06-18 03:27:00.000,844
2022-06-18 03:28:00.000,2873
2022-06-18 03:29:00.000,852
2022-06-18 03:30:00.000,2899
2022-06-18 03:31:00.000,860
2022-06-18 03:32:00.000,2925
2022-06-18 03:33:00.000,868
2022-06-18 03:34:00.000,2951
2022-06-18 03:35:00.000,876
2022-06-18 03:36:00.000,2977
2022-06-18 03:37:00.000,884
2022-06-18 03:38:00.000,3003
2022-06-18 03:39:00.000,892
2022-06-18 03:40:00.000,3029
2022-06-18 03:41:00.000,900
2022-06-18 03:42:00.000,3055
2022-06-18 03:43:00.000,908
2022-06-18 03:44:00.000,3081
2022-06-18 03:45:00.000,916
2022-06-18 03:46:00.000,3107
2022-06-18 03:47:00.000,924
2022-06-18 03:48:00.000,3133
2022-06-18 03:49:00.000,932
2022-06-18 03:50:00.000,3159
2022-06-18 03:51:00.000,940
2022-06-18 03:52:00.000,3185
2022-06-18 03:53:00.000,948
2022-06-18 03:54:00.000,3211
2022-06-18 03:55:00.000,956
2022-06-18 03:56:00.000,3237
2022-06-18 03:57:00.000,964
2022-06-18 03:58:00.000,3263
2022-06-18 03:59:00.000,972
2022-06-18 04:00:00.000,3289
2022-06-18 04:01:00.000,980
2022-06-18 04:02:00.000,3315
2022-06-18 04:03:00.000,988
2022-06-18 04:04:00.000,3341
2022-06-18 04:05:00.000,996
2022-06-18 04:06:00.000,3367
2022-06-18 04:07:00.000,1004
2022-06-18 04:08:00.000,3393
2022-06-18 04:09:00.000,1012
2022-06-18 04:10:00.000,3419
2022-06-18 04:11:00.000,1020
2022-06-18 04:12:00.000,3445
2022-06-18 04:13:00.000,1028
2022-06-18 04:14:00.000,3471
2022-06-18 04:15:00.000,1036
2022-06-18 04:16:00.000,3497
2022-06-18 04:17:00.000,1044
2022-06-18 04:18:00.000,3523
2022-06-18 04:19:00.000,1052
2022-06-18 04:20:00.000,3549
2022-06-18 04:21:00.000,1060
2022-06-18 04:22:00.000,3575
2022-06-18 04:23:00.000,1068
2022-06-18 04:24:00.000,3601
2022-06-18 04:25:00.000,1076
2022-06-18 04:26:00.000,3627
2022-06-18 04:27:00.000,1084
2022-06-18 04:28:00.000,3653
2022-06-18 04:29:00.000,1092
2022-06-18 04:30:00.000,3679
2022-06-18 04:31:00.000,1100
2022-06-18 04:32:00.000,3705
2022-06-18 04:33:00.000,1108
2022-06-18 04:34:00.000,3731
2022-06-18 04:35:00.000,1116
2022-06-18 04:36:00.000,3757
2022-06-18 04:37:00.000,1124
2022-06-18 04:38:00.000,3783
2022-06-18 04:39:00.000,1132
2022-06-18 04:40:00.000,3809
2022-06-18 04:41:00.000,1140
2022-06-18 04:42:00.000,3835
2022-06-18 04:43:00.000,1148
2022-06-18 04:44:00.000,3861
2022-06-18 04:45:00.000,1156
2022-06-18 04:46:00.000,3887
2022-06-18 04:47:00.000,1164
2022-06-18 04:48:00.000,3913
2022-06-18 04:49:00.000,1172
2022-06-18 04:50:00.000,3939
2022-06-18 04:51:00.000,1180
2022-06-18 04:52:00.000,3965
2022-06-18 04:53:00.000,1188
2022-06-18 04:54:00.000,3991
2022-06-18 04:55:00.000,1196
2022-06-18 04:56:00.000,4017
2022-06-18 04:57:00.000,1204
2022-06-18 04:58:00.000,4043
2022-06-18 04:59:00.000,1212
2022-06-18 05:00:00.000,4069
2022-06-18 05:01:00.000,1220
2022-06-18 05:02:00.000,4095
2022-06-18 05:03:00.000,1228
2022-06-18 05:04:00.000,4121
2022-06-18 05:05:00.000,1236
2022-06-18 05:06:00.000,4147
2022-06-18 05:07:00.000,1244
2022-06-18 05:08:00.000,4173
2022-06-18 05:09:00.000,1252
2022-06-18 05:10:00.000,4199
2022-06-18 05:11:00.000,1260
2022-06-18 05:12:00.000,4225
2022-06-18 05:13:00.000,1268
2022-06-18 05:14:00.000,4251
2022-06-18 05:15:00.000,1276
2022-06-18 05:16:00.000,4277
2022-06-18 05:17:00.000,1284
2022-06-18 05:18:00.000,4303
2022-06-18 05:19:00.000,1292
2022-06-18 05:20:00.000,4329
2022-06-18 05:21:00.000,1300
2022-06-18 05:22:00.000,4355
2022-06-18 05:23:00.000,1308
2022-06-18 05:24:00.000,4381
2022-06-18 05:25:00.000,1316
2022-06-18 05:26:00.000,4407
2022-06-18 05:27:00.000,1324
2022-06-18 05:28:00.000,4433
2022-06-18 05:29:00.000,1332
2022-06-18 05:30:00.000,4459
2022-06-18 05:31:00.000,1340
2022-06-18 05:32:00.000,4485
2022-06-18 05:33:00.000,1348
2022-06-18 05:34:00.000,4511
2022-06-18 05:35:00.000,1356
2022-06-18 05:36:00.000,4537
2022-06-18 05:37:00.000,1364
2022-06-18 05:38:00.000,4563
2022-06-18 05:39:00.000,1372
2022-06-18 05:40:00.000,4589
2022-06-18 05:41:00.000,1380
2022-06-18 05:42:00.000,4615
2022-06-18 05:43:00.000,1388
2022-06-18 05:44:00.000,4641
2022-06-18 05:45:00.000,1396
2022-06-18 05:46:00.000,4667
2022-06-18 05:47:00.000,1404
2022-06-18 05:48:00.000,4693
2022-06-18 05:49:00.000,1412
2022-06-18 05:50:00.000,4719
2022-06-18 05:51:00.000,1420
2022-06-18 05:52:00.000,4745
2022-06-18 05:53:00.000,1428
2022-06-18 05:54:00.000,4771
2022-06-18 05:55:00.000,1436
2022-06-18 05:56:00.000,4797
2022-06-18 05:57:00.000,1444
2022-06-18 05:58:00.000,4823
2022-06-18 05:59:00.000,1452
2022-06-18 06:00:00.000,4849
2022-06-18 06:01:00.000,1460
2022-06-18 06:02:00.000,4875
2022-06-18 06:03:00.000,1468
2022-06-18 06:04:00.000,4901
2022-06-18 06:05:00.000,1476
2022-06-18 06:06:00.000,4927
2022-06-18 06:07:00.000,1484
2022-06-18 06:08:00.000,4953
2022-06-18 06:09:00.000,1492
2022-06-18 06:10:00.000,4979
2022-06-18 06:11:00.000,1500
2022-06-18 06:12:00.000,5005
2022-06-18 06:13:00.000,1508
2022-06-18 06:14:00.000,5031
2022-06-18 06:15:00.000,1516
2022-06-18 06:16:00.000,5057
2022-06-18 06:17:00.000,1524
2022-06-18 06:18:00.000,5083
2022-06-18 06:19:00.000,1532
2022-06-18 06:20:00.000,5109
2022-06-18 06:21:00.000,1540
2022-06-18 06:22:00.000,5135
2022-06-18 06:23:00.000,1548
2022-06-18 06:24:00.000,5161
2022-06-18 06:25:00.000,1556
2022-06-18 06:26:00.000,5187
2022-06-18 06:27:00.000,1564
2022-06-18 06:28:00.000,5213
2022-06-18 06:29:00.000,1572
2022-06-18 06:30:00.000,5239
2022-06-18 06:31:00.000,1580
2022-06-18 06:32:00.000,5265
2022-06-18 06:33:00.000,1588
2022-06-18 06:34:00.000,5291
2022-06-18 06:35:00.000,1596
2022-06-18 06:36:00.000,5317
2022-06-18 06:37:00.000,1604
2022-06-18 06:38:00.000,5343
2022-06-18 06:39:00.000,1612
2022-06-18 06:40:00.000,5369
2022-06-18 06:41:00.000,1620
2022-06-18 06:42:00.000,5395
2022-06-18 06:43:00.000,1628
2022-06-18 06:44:00.000,5421
2022-06-18 06:45:00.000,1636
2022-06-18 06:46:00.000,5447
2022-06-18 06:47:00.000,1644
2022-06-18 06:48:00.000,5473
2022-06-18 06:49:00.000,1652
2022-06-18 06:50:00.000,5499
2022-06-18 06:51:00.000,1660
2022-06-18 06:52:00.000,5525
2022-06-18 06:53:00.000,1668
2022-06-18 06:54:00.000,5551
2022-06-18 06:55:00.000,1676
2022-06-18 06:56:00.000,5577
2022-06-18 06:57:00.000,1684
2022-06-18 06:58:00.000,5603
2022-06-18 06:59:00.000,1692
2022-06-18 07:00:00.000,5629
2022-06-18 07:01:00.000,1700
2022-06-18 07:02:00.000,5655
2022-06-18 07:03:00.000,1708
2022-06-18 07:04:00.000,5681
2022-06-18 07:05:00.000,1716
2022-06-18 07:06:00.000,5707
2022-06-18 07:07:00.000,1724
2022-06-18 07:08:00.000,5733
2022-06-18 07:09:00.000,1732
2022-06-18 07:10:00.000,5759
2022-06-18 07:11:00.000,1740
2022-06-18 07:12:00.000,5785
2022-06-18 07:13:00.000,1748
2022-06-18 07:14:00.000,5811
2022-06-18 07:15:00.000,1756
2022-06-18 07:16:00.000,5837
2022-06-18 07:17:00.000,1764
2022-06-18 07:18:00.000,5863
2022-06-18 07:19:00.000,1772
2022-06-18 07:20:00.000,5889
2022-06-18 07:21:00.000,1780
2022-06-18 07:22:00.000,5915
2022-06-18 07:23:00.000,1788
2022-06-18 07:24:00.000,5941
2022-06-18 07:25:00.000,1796
2022-06-18 07:26:00.000,5967
2022-06-18 07:27:00.000,1804
2022-06-18 07:28:00.000,5993
2022-06-18 07:29:00.000,1812
2022-06-18 07:30:00.000,6019
2022-06-18 07:31:00.000,1820
2022-06-18 07:32:00.000,6045
2022-06-18 07:33:00.000,1828
2022-06-18 07:34:00.000,6071
2022-06-18 07:35:00.000,1836
2022-06-18 07:36:00.000,6097
2022-06-18 07:37:00.000,1844
2022-06-18 07:38:00.000,6123
2022-06-18 07:39:00.000,1852
2022-06-18 07:40:00.000,6149
2022-06-18 07:41:00.000,1860
2022-06-18 07:42:00.000,6175
2022-06-18 07:43:00.000,1868
2022-06-18 07:44:00.000,6201
2022-06-18 07:45:00.000,1876
2022-06-18 07:46:00.000,6227
2022-06-18 07:47:00.000,1884
2022-06-18 07:48:00.000,6253
2022-06-18 07:49:00.000,1892
2022-06-18 07:50:00.000,6279
2022-06-18 07:51:00.000,1900
2022-06-18 07:52:00.000,6305
2022-06-18 07:53:00.000,1908
2022-06-18 07:54:00.000,6331
2022-06-18 07:55:00.000,1916
2022-06-18 07:56:00.000,6357
2022-06-18 07:57:00.000,1924
2022-06-18 07:58:00.000,6383
2022-06-18 07:59:00.000,1932
2022-06-18 08:00:00.000,6409
2022-06-18 08:01:00.000,1940
2022-06-18 08:02:00.000,6435
2022-06-18 08:03:00.000,1948
2022-06-18 08:04:00.000,6461
2022-06-18 08:05:00.000,1956
2022-06-18 08:06:00.000,6487
2022-06-18 08:07:00.000,1964
2022-06-18 08:08:00.000,6513
2022-06-18 08:09:00.000,1972
2022-06-18 08:10:00.000,6539
2022-06-18 08:11:00.000,1980
2022-06-18 08:12:00.000,6565
2022-06-18 08:13:00.000,1988
2022-06-18 08:14:00.000,6591
2022-06-18 08:15:00.000,1996
2022-06-18 08:16:00.000,6617
2022-06-18 08:17:00.000,2004
2022-06-18 08:18:00.000,6643
2022-06-18 08:19:00.000,2012
2022-06-18 08:20:00.000,6669
2022-06-18 08:21:00.000,2020
2022-06-18 08:22:00.000,6695
2022-06-18 08:23:00.000,2028
2022-06-18 08:24:00.000,6721
2022-06-18 08:25:00.000,2036
2022-06-18 08:26:00.000,6747
2022-06-18 08:27:00.000,2044
2022-06-18 08:28:00.000,6773
2022-06-18 08:29:00.000,2052
2022-06-18 08:30:00.000,6799
2022-06-18 08:31:00.000,2060
2022-06-18 08:32:00.000,6825
2022-06-18 08:33:00.000,2068
2022-06-18 08:34:00.000,6851
2022-06-18 08:35:00.000,2076
2022-06-18 08:36:00.000,6877
2022-06-18 08:37:00.000,2084
2022-06-18 08:38:00.000,6903
2022-06-18 08:39:00.000,2092
2022-06-18 08:40:00.000,6929
2022-06-18 08:41:00.000,2100
2022-06-18 08:42:00.000,6955
2022-06-18 08:43:00.000,2108
2022-06-18 08:44:00.000,6981
2022-06-18 08:45:00.000,2116
2022-06-18 08:46:00.000,7007
2022-06-18 08:47:00.000,2124
2022-06-18 08:48:00.000,7033
2022-06-18 08:49:00.000,2132
2022-06-18 08:50:00.000,7059
2022-06-18 08:51:00.000,2140
2022-06-18 08:52:00.000,7085
2022-06-18 08:53:00.000,2148
2022-06-18 08:54:00.000,7111
2022-06-18 08:55:00.000,2156
2022-06-18 08:56:00.000,7137
2022-06-18 08:57:00.000,2164
2022-06-18 08:58:00.000,7163
2022-06-18 08:59:00.000,2172
2022-06-18 09:00:00.000,7189
2022-06-18 09:01:00.000,2180
2022-06-18 09:02:00.000,7215
2022-06-18 09:03:00.000,2188
2022-06-18 09:04:00.000,7241
2022-06-18 09:05:00.000,2196
2022-06-18 09:06:00.000,7267
2022-06-18 09:07:00.000,2204
2022-06-18 09:08:00.000,7293
2022-06-18 09:09:00.000,2212
2022-06-18 09:10:00.000,7319
2022-06-18 09:11:00.000,2220
2022-06-18 09:12:00.000,7345
2022-06-18 09:13:00.000,2228
2022-06-18 09:14:00.000,7371
2022-06-18 09:15:00.000,2236
2022-06-18 09:16:00.000,7397
2022-06-18 09:17:00.000,2244
2022-06-18 09:18:00.000,7423
2022-06-18 09:19:00.000,2252
2022-06-18 09:20:00.000,7449
2022-06-18 09:21:00.000,2260
2022-06-18 09:22:00.000,7475
2022-06-18 09:23:00.000,2268
2022-06-18 09:24:00.000,7501
2022-06-18 09:25:00.000,2276
2022-06-18 09:26:00.000,7527
2022-06-18 09:27:00.000,2284
2022-06-18 09:28:00.000,7553
2022-06-18 09:29:00.000,2292
2022-06-18 09:30:00.000,7579
2022-06-18 09:31:00.000,2300
2022-06-18 09:32:00.000,7605
2022-06-18 09:33:00.000,2308
2022-06-18 09:34:00.000,7631
2022-06-18 09:35:00.000,2316
2022-06-18 09:36:00.000,7657
2022-06-18 09:37:00.000,2324
2022-06-18 09:38:00.000,7683
2022-06-18 09:39:00.000,2332
2022-06-18 09:40:00.000,7709
2022-06-18 09:41:00.000,2340
2022-06-18 09:42:00.000,7735
2022-06-18 09:43:00.000,2348
2022-06-18 09:44:00.000,7761
2022-06-18 09:45:00.000,2356
2022-06-18 09:46:00.000,7787
2022-06-18 09:47:00.000,2364
2022-06-18 09:48:00.000,7813
2022-06-18 09:49:00.000,2372
2022-06-18 09:50:00.000,7839
2022-06-18 09:51:00.000,2380
2022-06-18 09:52:00.000,7865
2022-06-18 09:53:00.000,2388
2022-06-18 09:54:00.000,7891
2022-06-18 09:55:00.000,2396
2022-06-18 09:56:00.000,7917
2022-06-18 09:57:00.000,2404
2022-06-18 09:58:00.000,7943
2022-06-18 09:59:00.000,2412
2022-06-18 10:00:00.000,7969
2022-06-18 10:01:00.000,2420
2022-06-18 10:02:00.000,7995
2022-06-18 10:03:00.000,2428
2022-06-18 10:04:00.000,8021
2022-06-18 10:05:00.000,2436
2022-06-18 10:06:00.000,8047
2022-06-18 10:07:00.000,2444
2022-06-18 10:08:00.000,8073
2022-06-18 10:09:00.000,2452
2022-06-18 10:10:00.000,8099
2022-06-18 10:11:00.000,2460
2022-06-18 10:12:00.000,8125
2022-06-18 10:13:00.000,2468
2022-06-18 10:14:00.000,8151
2022-06-18 10:15:00.000,2476
2022-06-18 10:16:00.000,8177
2022-06-18 10:17:00.000,2484
2022-06-18 10:18:00.000,8203
2022-06-18 10:19:00.000,2492
2022-06-18 10:20:00.000,8229
2022-06-18 10:21:00.000,2500
2022-06-18 10:22:00.000,8255
2022-06-18 10:23:00.000,2508
2022-06-18 10:24:00.000,8281
2022-06-18 10:25:00.000,2516
2022-06-18 10:26:00.000,8307
2022-06-18 10:27:00.000,2524
2022-06-18 10:28:00.000,8333
2022-06-18 10:29:00.000,2532
2022-06-18 10:30:00.000,8359
2022-06-18 10:31:00.000,2540
2022-06-18 10:32:00.000,8385
2022-06-18 10:33:00.000,2548
2022-06-18 10:34:00.000,8411
2022-06-18 10:35:00.000,2556
2022-06-18 10:36:00.000,8437
2022-06-18 10:37:00.000,2564
2022-06-18 10:38:00.000,8463
2022-06-18 10:39:00.000,2572
2022-06-18 10:40:00.000,8489
2022-06-18 10:41:00.000,2580
2022-06-18 10:42:00.000,8515
2022-06-18 10:43:00.000,2588
2022-06-18 10:44:00.000,8541
2022-06-18 10:45:00.000,2596
2022-06-18 10:46:00.000,8567
2022-06-18 10:47:00.000,2604
2022-06-18 10:48:00.000,8593
2022-06-18 10:49:00.000,2612
2022-06-18 10:50:00.000,8619
2022-06-18 10:51:00.000,2620
2022-06-18 10:52:00.000,8645
2022-06-18 10:53:00.000,2628
2022-06-18 10:54:00.000,8671
2022-06-18 10:55:00.000,2636
2022-06-18 10:56:00.000,8697
2022-06-18 10:57:00.000,2644
2022-06-18 10:58:00.000,8723
2022-06-18 10:59:00.000,2652
2022-06-18 11:00:00.000,8749
2022-06-18 11:01:00.000,2660
2022-06-18 11:02:00.000,8775
2022-06-18 11:03:00.000,2668
2022-06-18 11:04:00.000,8801
2022-06-18 11:05:00.000,2676
2022-06-18 11:06:00.000,8827
2022-06-18 11:07:00.000,2684
2022-06-18 11:08:00.000,8853
2022-06-18 11:09:00.000,2692
2022-06-18 11:10:00.000,8879
2022-06-18 11:11:00.000,2700
2022-06-18 11:12:00.000,8905
2022-06-18 11:13:00.000,2708
2022-06-18 11:14:00.000,8931
2022-06-18 11:15:00.000,2716
2022-06-18 11:16:00.000,8957
2022-06-18 11:17:00.000,2724
2022-06-18 11:18:00.000,8983
2022-06-18 11:19:00.000,2732
2022-06-18 11:20:00.000,9009
2022-06-18 11:21:00.000,2740
2022-06-18 11:22:00.000,9035
2022-06-18 11:23:00.000,2748
2022-06-18 11:24:00.000,9061
2022-06-18 11:25:00.000,2756
2022-06-18 11:26:00.000,9087
2022-06-18 11:27:00.000,2764
2022-06-18 11:28:00.000,9113
2022-06-18 11:29:00.000,2772
2022-06-18 11:30:00.000,9139
2022-06-18 11:31:00.000,2780
2022-06-18 11:32:00.000,9165
2022-06-18 11:33:00.000,2788
2022-06-18 11:34:00.000,9191
2022-06-18 11:35:00.000,2796
2022-06-18 11:36:00.000,9217
2022-06-18 11:37:00.000,2804
2022-06-18 11:38:00.000,9243
2022-06-18 11:39:00.000,2812
2022-06-18 11:40:00.000,9269
2022-06-18 11:41:00.000,2820
2022-06-18 11:42:00.000,9295
2022-06-18 11:43:00.000,2828
2022-06-18 11:44:00.000,9321
2022-06-18 11:45:00.000,2836
2022-06-18 11:46:00.000,9347
2022-06-18 11:47:00.000,2844
2022-06-18 11:48:00.000,9373
2022-06-18 11:49:00.000,2852
2022-06-18 11:50:00.000,9399
2022-06-18 11:51:00.000,2860
2022-06-18 11:52:00.000,9425
2022-06-18 11:53:00.000,2868
2022-06-18 11:54:00.000,9451
2022-06-18 11:55:00.000,2876
2022-06-18 11:56:00.000,9477
2022-06-18 11:57:00.000,2884
2022-06-18 11:58:00.000,9503
2022-06-18 11:59:00.000,2892
2022-06-18 12:00:00.000,9529
2022-06-18 12:01:00.000,2900
2022-06-18 12:02:00.000,9555
2022-06-18 12:03:00.000,2908
2022-06-18 12:04:00.000,9581
2022-06-18 12:05:00.000,2916
2022-06-18 12:06:00.000,9607
2022-06-18 12:07:00.000,2924
2022-06-18 12:08:00.000,9633
2022-06-18 12:09:00.000,2932
2022-06-18 12:10:00.000,9659
2022-06-18 12:11:00.000,2940
2022-06-18 12:12:00.000,9685
2022-06-18 12:13:00.000,2948
2022-06-18 12:14:00.000,9711
2022-06-18 12:15:00.000,2956
2022-06-18 12:16:00.000,9737
2022-06-18 12:17:00.000,2964
2022-06-18 12:18:00.000,9763
2022-06-18 12:19:00.000,2972
2022-06-18 12:20:00.000,9789
2022-06-18 12:21:00.000,2980
2022-06-18 12:22:00.000,9815
2022-06-18 12:23:00.000,2988
2022-06-18 12:24:00.000,9841
2022-06-18 12:25:00.000,2996
2022-06-18 12:26:00.000,9867
2022-06-18 12:27:00.000,3004
2022-06-18 12:28:00.000,9893
2022-06-18 12:29:00.000,3012
2022-06-18 12:30:00.000,9919
2022-06-18 12:31:00.000,3020
2022-06-18 12:32:00.000,9945
2022-06-18 12:33:00.000,3028
2022-06-18 12:34:00.000,9971
2022-06-18 12:35:00.000,3036
2022-06-18 12:36:00.000,9997
2022-06-18 12:37:00.000,3044
2022-06-18 12:38:00.000,10023
2022-06-18 12:39:00.000,3052
2022-06-18 12:40:00.000,10049
2022-06-18 12:41:00.000,3060
2022-06-18 12:42:00.000,10075
2022-06-18 12:43:00.000,3068
2022-06-18 12:44:00.000,10101
2022-06-18 12:45:00.000,3076
2022-06-18 12:46:00.000,10127
2022-06-18 12:47:00.000,3084
2022-06-18 12:48:00.000,10153
2022-06-18 12:49:00.000,3092
2022-06-18 12:50:00.000,10179
2022-06-18 12:51:00.000,3100
2022-06-18 12:52:00.000,10205
2022-06-18 12:53:00.000,3108
2022-06-18 12:54:00.000,10231
2022-06-18 12:55:00.000,3116
2022-06-18 12:56:00.000,10257
2022-06-18 12:57:00.000,3124
2022-06-18 12:58:00.000,10283
2022-06-18 12:59:00.000,3132
2022-06-18 13:00:00.000,10309
2022-06-18 13:01:00.000,3140
2022-06-18 13:02:00.000,10335
2022-06-18 13:03:00.000,3148
2022-06-18 13:04:00.000,10361
2022-06-18 13:05:00.000,3156
2022-06-18 13:06:00.000,10387
2022-06-18 13:07:00.000,3164
2022-06-18 13:08:00.000,10413
2022-06-18 13:09:00.000,3172
2022-06-18 13:10:00.000,10439
2022-06-18 13:11:00.000,3180
2022-06-18 13:12:00.000,10465
2022-06-18 13:13:00.000,3188
2022-06-18 13:14:00.000,10491
2022-06-18 13:15:00.000,3196
2022-06-18 13:16:00.000,10517
2022-06-18 13:17:00.000,3204
2022-06-18 13:18:00.000,10543
2022-06-18 13:19:00.000,3212
2022-06-18 13:20:00.000,10569
2022-06-18 13:21:00.000,3220
2022-06-18 13:22:00.000,10595
2022-06-18 13:23:00.000,3228
2022-06-18 13:24:00.000,10621
2022-06-18 13:25:00.000,3236
2022-06-18 13:26:00.000,10647
2022-06-18 13:27:00.000,3244
2022-06-18 13:28:00.000,10673
2022-06-18 13:29:00.000,3252
2022-06-18 13:30:00.000,10699
2022-06-18 13:31:00.000,3260
2022-06-18 13:32:00.000,10725
2022-06-18 13:33:00.000,3268
2022-06-18 13:34:00.000,10751
2022-06-18 13:35:00.000,3276
2022-06-18 13:36:00.000,10777
2022-06-18 13:37:00.000,3284
2022-06-18 13:38:00.000,10803
2022-06-18 13:39:00.000,3292
2022-06-18 13:40:00.000,10829
2022-06-18 13:41:00.000,3300
2022-06-18 13:42:00.000,10855
2022-06-18 13:43:00.000,3308
2022-06-18 13:44:00.000,10881
2022-06-18 13:45:00.000,3316
2022-06-18 13:46:00.000,10907
2022-06-18 13:47:00.000,3324
2022-06-18 13:48:00.000,10933
2022-06-18 13:49:00.000,3332
2022-06-18 13:50:00.000,10959
2022-06-18 13:51:00.000,3340
2022-06-18 13:52:00.000,10985
2022-06-18 13:53:00.000,3348
2022-06-18 13:54:00.000,11011
2022-06-18 13:55:00.000,3356
2022-06-18 13:56:00.000,11037
2022-06-18 13:57:00.000,3364
2022-06-18 13:58:00.000,11063
2022-06-18 13:59:00.000,3372
2022-06-18 14:00:00.000,11089
2022-06-18 14:01:00.000,3380
2022-06-18 14:02:00.000,11115
2022-06-18 14:03:00.000,3388
2022-06-18 14:04:00.000,11141
2022-06-18 14:05:00.000,3396
2022-06-18 14:06:00.000,11167
2022-06-18 14:07:00.000,3404
2022-06-18 14:08:00.000,11193
2022-06-18 14:09:00.000,3412
2022-06-18 14:10:00.000,11219
2022-06-18 14:11:00.000,3420
2022-06-18 14:12:00.000,11245
2022-06-18 14:13:00.000,3428
2022-06-18 14:14:00.000,11271
2022-06-18 14:15:00.000,3436
2022-06-18 14:16:00.000,11297
2022-06-18 14:17:00.000,3444
2022-06-18 14:18:00.000,11323
2022-06-18 14:19:00.000,3452
2022-06-18 14:20:00.000,11349
2022-06-18 14:21:00.000,3460
2022-06-18 14:22:00.000,11375
2022-06-18 14:23:00.000,3468
2022-06-18 14:24:00.000,11401
2022-06-18 14:25:00.000,3476
2022-06-18 14:26:00.000,11427
2022-06-18 14:27:00.000,3484
2022-06-18 14:28:00.000,11453
2022-06-18 14:29:00.000,3492
2022-06-18 14:30:00.000,11479
2022-06-18 14:31:00.000,3500
2022-06-18 14:32:00.000,11505
2022-06-18 14:33:00.000,3508
2022-06-18 14:34:00.000,11531
2022-06-18 14:35:00.000,3516
2022-06-18 14:36:00.000,11557
2022-06-18 14:37:00.000,3524
2022-06-18 14:38:00.000,11583
2022-06-18 14:39:00.000,3532
2022-06-18 14:40:00.000,11609
2022-06-18 14:41:00.000,3540
2022-06-18 14:42:00.000,11635
2022-06-18 14:43:00.000,3548
2022-06-18 14:44:00.000,11661
2022-06-18 14:45:00.000,3556
2022-06-18 14:46:00.000,11687
2022-06-18 14:47:00.000,3564
2022-06-18 14:48:00.000,11713
2022-06-18 14:49:00.000,3572
2022-06-18 14:50:00.000,11739
2022-06-18 14:51:00.000,3580
2022-06-18 14:52:00.000,11765
2022-06-18 14:53:00.000,3588
2022-06-18 14:54:00.000,11791
2022-06-18 14:55:00.000,3596
2022-06-18 14:56:00.000,11817
2022-06-18 14:57:00.000,3604
2022-06-18 14:58:00.000,11843
2022-06-18 14:59:00.000,3612
2022-06-18 15:00:00.000,11869
2022-06-18 15:01:00.000,3620
2022-06-18 15:02:00.000,11895
2022-06-18 15:03:00.000,3628
2022-06-18 15:04:00.000,11921
2022-06-18 15:05:00.000,3636
2022-06-18 15:06:00.000,11947
2022-06-18 15:07:00.000,3644
2022-06-18 15:08:00.000,11973
2022-06-18 15:09:00.000,3652
2022-06-18 15:10:00.000,11999
2022-06-18 15:11:00.000,3660
2022-06-18 15:12:00.000,12025
2022-06-18 15:13:00.000,3668
2022-06-18 15:14:00.000,12051
2022-06-18 15:15:00.000,3676
2022-06-18 15:16:00.000,12077
2022-06-18 15:17:00.000,3684
2022-06-18 15:18:00.000,12103
2022-06-18 15:19:00.000,3692
2022-06-18 15:20:00.000,12129
2022-06-18 15:21:00.000,3700
2022-06-18 15:22:00.000,12155
2022-06-18 15:23:00.000,3708
2022-06-18 15:24:00.000,12181
2022-06-18 15:25:00.000,3716
2022-06-18 15:26:00.000,12207
2022-06-18 15:27:00.000,3724
2022-06-18 15:28:00.000,12233
2022-06-18 15:29:00.000,3732
2022-06-18 15:30:00.000,12259
2022-06-18 15:31:00.000,3740
2022-06-18 15:32:00.000,12285
2022-06-18 15:33:00.000,3748
2022-06-18 15:34:00.000,12311
2022-06-18 15:35:00.000,3756
2022-06-18 15:36:00.000,12337
2022-06-18 15:37:00.000,3764
2022-06-18 15:38:00.000,12363
2022-06-18 15:39:00.000,3772
2022-06-18 15:40:00.000,12389
2022-06-18 15:41:00.000,3780
2022-06-18 15:42:00.000,12415
2022-06-18 15:43:00.000,3788
2022-06-18 15:44:00.000,12441
2022-06-18 15:45:00.000,3796
2022-06-18 15:46:00.000,12467
2022-06-18 15:47:00.000,3804
2022-06-18 15:48:00.000,12493
2022-06-18 15:49:00.000,3812
2022-06-18 15:50:00.000,12519
2022-06-18 15:51:00.000,3820
2022-06-18 15:52:00.000,12545
2022-06-18 15:53:00.000,3828
2022-06-18 15:54:00.000,12571
2022-06-18 15:55:00.000,3836
2022-06-18 15:56:00.000,12597
2022-06-18 15:57:00.000,3844
2022-06-18 15:58:00.000,12623
2022-06-18 15:59:00.000,3852
2022-06-18 16:00:00.000,12649
2022-06-18 16:01:00.000,3860
2022-06-18 16:02:00.000,12675
2022-06-18 16:03:00.000,3868
2022-06-18 16:04:00.000,12701
2022-06-18 16:05:00.000,3876
2022-06-18 16:06:00.000,12727
2022-06-18 16:07:00.000,3884
2022-06-18 16:08:00.000,12753
2022-06-18 16:09:00.000,3892
2022-06-18 16:10:00.000,12779
2022-06-18 16:11:00.000,3900
2022-06-18 16:12:00.000,12805
2022-06-18 16:13:00.000,3908
2022-06-18 16:14:00.000,12831
2022-06-18 16:15:00.000,3916
2022-06-18 16:16:00.000,12857
2022-06-18 16:17:00.000,3924
2022-06-18 16:18:00.000,12883
2022-06-18 16:19:00.000,3932
2022-06-18 16:20:00.000,12909
2022-06-18 16:21:00.000,3940
2022-06-18 16:22:00.000,12935
2022-06-18 16:23:00.000,3948
2022-06-18 16:24:00.000,12961
2022-06-18 16:25:00.000,3956
2022-06-18 16:26:00.000,12987
2022-06-18 16:27:00.000,3964
2022-06-18 16:28:00.000,13013
2022-06-18 16:29:00.000,3972
2022-06-18 16:30:00.000,13039
2022-06-18 16:31:00.000,3980
2022-06-18 16:32:00.000,13065
2022-06-18 16:33:00.000,3988
2022-06-18 16:34:00.000,13091
2022-06-18 16:35:00.000,3996
2022-06-18 16:36:00.000,13117
2022-06-18 16:37:00.000,4004
2022-06-18 16:38:00.000,13143
2022-06-18 16:39:00.000,4012
2022-06-18 16:40:00.000,13169
2022-06-18 16:41:00.000,4020
2022-06-18 16:42:00.000,13195
2022-06-18 16:43:00.000,4028
2022-06-18 16:44:00.000,13221
2022-06-18 16:45:00.000,4036
2022-06-18 16:46:00.000,13247
2022-06-18 16:47:00.000,4044
2022-06-18 16:48:00.000,13273
2022-06-18 16:49:00.000,4052
2022-06-18 16:50:00.000,13299
2022-06-18 16:51:00.000,4060
2022-06-18 16:52:00.000,13325
2022-06-18 16:53:00.000,4068
2022-06-18 16:54:00.000,13351
2022-06-18 16:55:00.000,4076
2022-06-18 16:56:00.000,13377
2022-06-18 16:57:00.000,4084
2022-06-18 16:58:00.000,13403
2022-06-18 16:59:00.000,4092
2022-06-18 17:00:00.000,13429
2022-06-18 17:01:00.000,4100
2022-06-18 17:02:00.000,13455
2022-06-18 17:03:00.000,4108
2022-06-18 17:04:00.000,13481
2022-06-18 17:05:00.000,4116
2022-06-18 17:06:00.000,13507
2022-06-18 17:07:00.000,4124
2022-06-18 17:08:00.000,13533
2022-06-18 17:09:00.000,4132
2022-06-18 17:10:00.000,13559
2022-06-18 17:11:00.000,4140
2022-06-18 17:12:00.000,13585
2022-06-18 17:13:00.000,4148
2022-06-18 17:14:00.000,13611
2022-06-18 17:15:00.000,4156
2022-06-18 17:16:00.000,13637
2022-06-18 17:17:00.000,4164
2022-06-18 17:18:00.000,13663
2022-06-18 17:19:00.000,4172
2022-06-18 17:20:00.000,13689
2022-06-18 17:21:00.000,4180
2022-06-18 17:22:00.000,13715
2022-06-18 17:23:00.000,4188
2022-06-18 17:24:00.000,13741
2022-06-18 17:25:00.000,4196
2022-06-18 17:26:00.000,13767
2022-06-18 17:27:00.000,4204
2022-06-18 17:28:00.000,13793
2022-06-18 17:29:00.000,4212
2022-06-18 17:30:00.000,13819
2022-06-18 17:31:00.000,4220
2022-06-18 17:32:00.000,13845
2022-06-18 17:33:00.000,4228
2022-06-18 17:34:00.000,13871
2022-06-18 17:35:00.000,4236
2022-06-18 17:36:00.000,13897
2022-06-18 17:37:00.000,4244
2022-06-18 17:38:00.000,13923
2022-06-18 17:39:00.000,4252
2022-06-18 17:40:00.000,13949
2022-06-18 17:41:00.000,4260
2022-06-18 17:42:00.000,13975
2022-06-18 17:43:00.000,4268
2022-06-18 17:44:00.000,14001
2022-06-18 17:45:00.000,4276
2022-06-18 17:46:00.000,14027
2022-06-18 17:47:00.000,4284
2022-06-18 17:48:00.000,14053
2022-06-18 17:49:00.000,4292
2022-06-18 17:50:00.000,14079
2022-06-18 17:51:00.000,4300
2022-06-18 17:52:00.000,14105
2022-06-18 17:53:00.000,4308
2022-06-18 17:54:00.000,14131
2022-06-18 17:55:00.000,4316
2022-06-18 17:56:00.000,14157
2022-06-18 17:57:00.000,4324
2022-06-18 17:58:00.000,14183
2022-06-18 17:59:00.000,4332
2022-06-18 18:00:00.000,14209
2022-06-18 18:01:00.000,4340
2022-06-18 18:02:00.000,14235
2022-06-18 18:03:00.000,4348
2022-06-18 18:04:00.000,14261
2022-06-18 18:05:00.000,4356
2022-06-18 18:06:00.000,14287
2022-06-18 18:07:00.000,4364
2022-06-18 18:08:00.000,14313
2022-06-18 18:09:00.000,4372
2022-06-18 18:10:00.000,14339
2022-06-18 18:11:00.000,4380
2022-06-18 18:12:00.000,14365
2022-06-18 18:13:00.000,4388
2022-06-18 18:14:00.000,14391
2022-06-18 18:15:00.000,4396
2022-06-18 18:16:00.000,14417
2022-06-18 18:17:00.000,4404
2022-06-18 18:18:00.000,14443
2022-06-18 18:19:00.000,4412
2022-06-18 18:20:00.000,14469
2022-06-18 18:21:00.000,4420
2022-06-18 18:22:00.000,14495
2022-06-18 18:23:00.000,4428
2022-06-18 18:24:00.000,14521
2022-06-18 18:25:00.000,4436
2022-06-18 18:26:00.000,14547
2022-06-18 18:27:00.000,4444
2022-06-18 18:28:00.000,14573
2022-06-18 18:29:00.000,4452
2022-06-18 18:30:00.000,14599
2022-06-18 18:31:00.000,4460
2022-06-18 18:32:00.000,14625
2022-06-18 18:33:00.000,4468
2022-06-18 18:34:00.000,14651
2022-06-18 18:35:00.000,4476
2022-06-18 18:36:00.000,14677
2022-06-18 18:37:00.000,4484
2022-06-18 18:38:00.000,14703
2022-06-18 18:39:00.000,4492
2022-06-18 18:40:00.000,14729
2022-06-18 18:41:00.000,4500
2022-06-18 18:42:00.000,14755
2022-06-18 18:43:00.000,4508
2022-06-18 18:44:00.000,14781
2022-06-18 18:45:00.000,4516
2022-06-18 18:46:00.000,14807
2022-06-18 18:47:00.000,4524
2022-06-18 18:48:00.000,14833
2022-06-18 18:49:00.000,4532
2022-06-18 18:50:00.000,14859
2022-06-18 18:51:00.000,4540
2022-06-18 18:52:00.000,14885
2022-06-18 18:53:00.000,4548
2022-06-18 18:54:00.000,14911
2022-06-18 18:55:00.000,4556
2022-06-18 18:56:00.000,14937
2022-06-18 18:57:00.000,4564
2022-06-18 18:58:00.000,14963
2022-06-18 18:59:00.000,4572
2022-06-18 19:00:00.000,14989
2022-06-18 19:01:00.000,4580
2022-06-18 19:02:00.000,15015
2022-06-18 19:03:00.000,4588
2022-06-18 19:04:00.000,15041
2022-06-18 19:05:00.000,4596
2022-06-18 19:06:00.000,15067
2022-06-18 19:07:00.000,4604
2022-06-18 19:08:00.000,15093
2022-06-18 19:09:00.000,4612
2022-06-18 19:10:00.000,15119
2022-06-18 19:11:00.000,4620
2022-06-18 19:12:00.000,15145
2022-06-18 19:13:00.000,4628
2022-06-18 19:14:00.000,15171
2022-06-18 19:15:00.000,4636
2022-06-18 19:16:00.000,15197
2022-06-18 19:17:00.000,4644
2022-06-18 19:18:00.000,15223
2022-06-18 19:19:00.000,4652
2022-06-18 19:20:00.000,15249
2022-06-18 19:21:00.000,4660
2022-06-18 19:22:00.000,15275
2022-06-18 19:23:00.000,4668
2022-06-18 19:24:00.000,15301
2022-06-18 19:25:00.000,4676
2022-06-18 19:26:00.000,15327
2022-06-18 19:27:00.000,4684
2022-06-18 19:28:00.000,15353
2022-06-18 19:29:00.000,4692
2022-06-18 19:30:00.000,15379
2022-06-18 19:31:00.000,4700
2022-06-18 19:32:00.000,15405
2022-06-18 19:33:00.000,4708
2022-06-18 19:34:00.000,15431
2022-06-18 19:35:00.000,4716
2022-06-18 19:36:00.000,15457
2022-06-18 19:37:00.000,4724
2022-06-18 19:38:00.000,15483
2022-06-18 19:39:00.000,4732
2022-06-18 19:40:00.000,15509
2022-06-18 19:41:00.000,4740
2022-06-18 19:42:00.000,15535
2022-06-18 19:43:00.000,4748
2022-06-18 19:44:00.000,15561
2022-06-18 19:45:00.000,4756
2022-06-18 19:46:00.000,15587
2022-06-18 19:47:00.000,4764
2022-06-18 19:48:00.000,15613
2022-06-18 19:49:00.000,4772
2022-06-18 19:50:00.000,15639
2022-06-18 19:51:00.000,4780
2022-06-18 19:52:00.000,15665
2022-06-18 19:53:00.000,4788
2022-06-18 19:54:00.000,15691
2022-06-18 19:55:00.000,4796
2022-06-18 19:56:00.000,15717
2022-06-18 19:57:00.000,4804
2022-06-18 19:58:00.000,15743
2022-06-18 19:59:00.000,4812
2022-06-18 20:00:00.000,15769
2022-06-18 20:01:00.000,4820
2022-06-18 20:02:00.000,15795
2022-06-18 20:03:00.000,4828
2022-06-18 20:04:00.000,15821
2022-06-18 20:05:00.000,4836
2022-06-18 20:06:00.000,15847
2022-06-18 20:07:00.000,4844
2022-06-18 20:08:00.000,15873
2022-06-18 20:09:00.000,4852
2022-06-18 20:10:00.000,15899
2022-06-18 20:11:00.000,4860
2022-06-18 20:12:00.000,15925
2022-06-18 20:13:00.000,4868
2022-06-18 20:14:00.000,15951
2022-06-18 20:15:00.000,4876
2022-06-18 20:16:00.000,15977
2022-06-18 20:17:00.000,4884
2022-06-18 20:18:00.000,16003
2022-06-18 20:19:00.000,4892
2022-06-18 20:20:00.000,16029
2022-06-18 20:21:00.000,4900
2022-06-18 20:22:00.000,16055
2022-06-18 20:23:00.000,4908
2022-06-18 20:24:00.000,16081
2022-06-18 20:25:00.000,4916
2022-06-18 20:26:00.000,16107
2022-06-18 20:27:00.000,4924
2022-06-18 20:28:00.000,16133
2022-06-18 20:29:00.000,4932
2022-06-18 20:30:00.000,16159
2022-06-18 20:31:00.000,4940
2022-06-18 20:32:00.000,16185
2022-06-18 20:33:00.000,4948
2022-06-18 20:34:00.000,16211
2022-06-18 20:35:00.000,4956
2022-06-18 20:36:00.000,16237
2022-06-18 20:37:00.000,4964
2022-06-18 20:38:00.000,16263
2022-06-18 20:39:00.000,4972
2022-06-18 20:40:00.000,16289
2022-06-18 20:41:00.000,4980
2022-06-18 20:42:00.000,16315
2022-06-18 20:43:00.000,4988
2022-06-18 20:44:00.000,16341
2022-06-18 20:45:00.000,4996
2022-06-18 20:46:00.000,16367
2022-06-18 20:47:00.000,5004
2022-06-18 20:48:00.000,16393
2022-06-18 20:49:00.000,5012
2022-06-18 20:50:00.000,16419
2022-06-18 20:51:00.000,5020
2022-06-18 20:52:00.000,16445
2022-06-18 20:53:00.000,5028
2022-06-18 20:54:00.000,16471
2022-06-18 20:55:00.000,5036
2022-06-18 20:56:00.000,16497
2022-06-18 20:57:00.000,5044
2022-06-18 20:58:00.000,16523
2022-06-18 20:59:00.000,5052
2022-06-18 21:00:00.000,16549
2022-06-18 21:01:00.000,5060
2022-06-18 21:02:00.000,16575
2022-06-18 21:03:00.000,5068
2022-06-18 21:04:00.000,16601
2022-06-18 21:05:00.000,5076
2022-06-18 21:06:00.000,16627
2022-06-18 21:07:00.000,5084
2022-06-18 21:08:00.000,16653
2022-06-18 21:09:00.000,5092
2022-06-18 21:10:00.000,16679
2022-06-18 21:11:00.000,5100
2022-06-18 21:12:00.000,16705
2022-06-18 21:13:00.000,5108
2022-06-18 21:14:00.000,16731
2022-06-18 21:15:00.000,5116
2022-06-18 21:16:00.000,16757
2022-06-18 21:17:00.000,5124
2022-06-18 21:18:00.000,16783
2022-06-18 21:19:00.000,5132
2022-06-18 21:20:00.000,16809
2022-06-18 21:21:00.000,5140
2022-06-18 21:22:00.000,16835
2022-06-18 21:23:00.000,5148
2022-06-18 21:24:00.000,16861
2022-06-18 21:25:00.000,5156
2022-06-18 21:26:00.000,16887
2022-06-18 21:27:00.000,5164
2022-06-18 21:28:00.000,16913
2022-06-18 21:29:00.000,5172
2022-06-18 21:30:00.000,16939
2022-06-18 21:31:00.000,5180
2022-06-18 21:32:00.000,16965
2022-06-18 21:33:00.000,5188
2022-06-18 21:34:00.000,16991
2022-06-18 21:35:00.000,5196
2022-06-18 21:36:00.000,17017
2022-06-18 21:37:00.000,5204
2022-06-18 21:38:00.000,17043
2022-06-18 21:39:00.000,5212
2022-06-18 21:40:00.000,17069
2022-06-18 21:41:00.000,5220
2022-06-18 21:42:00.000,17095
2022-06-18 21:43:00.000,5228
2022-06-18 21:44:00.000,17121
2022-06-18 21:45:00.000,5236
2022-06-18 21:46:00.000,17147
2022-06-18 21:47:00.000,5244
2022-06-18 21:48:00.000,17173
2022-06-18 21:49:00.000,5252
2022-06-18 21:50:00.000,17199
2022-06-18 21:51:00.000,5260
2022-06-18 21:52:00.000,17225
2022-06-18 21:53:00.000,5268
2022-06-18 21:54:00.000,17251
2022-06-18 21:55:00.000,5276
2022-06-18 21:56:00.000,17277
2022-06-18 21:57:00.000,5284
2022-06-18 21:58:00.000,17303
2022-06-18 21:59:00.000,5292
2022-06-18 22:00:00.000,17329
2022-06-18 22:01:00.000,5300
2022-06-18 22:02:00.000,17355
2022-06-18 22:03:00.000,5308
2022-06-18 22:04:00.000,17381
2022-06-18 22:05:00.000,5316
2022-06-18 22:06:00.000,17407
2022-06-18 22:07:00.000,5324
2022-06-18 22:08:00.000,17433
2022-06-18 22:09:00.000,5332
2022-06-18 22:10:00.000,17459
2022-06-18 22:11:00.000,5340
2022-06-18 22:12:00.000,17485
2022-06-18 22:13:00.000,5348
2022-06-18 22:14:00.000,17511
2022-06-18 22:15:00.000,5356
2022-06-18 22:16:00.000,17537
2022-06-18 22:17:00.000,5364
2022-06-18 22:18:00.000,17563
2022-06-18 22:19:00.000,5372
2022-06-18 22:20:00.000,17589
2022-06-18 22:21:00.000,5380
2022-06-18 22:22:00.000,17615
2022-06-18 22:23:00.000,5388
2022-06-18 22:24:00.000,17641
2022-06-18 22:25:00.000,5396
2022-06-18 22:26:00.000,17667
2022-06-18 22:27:00.000,5404
2022-06-18 22:28:00.000,17693
2022-06-18 22:29:00.000,5412
2022-06-18 22:30:00.000,17719
2022-06-18 22:31:00.000,5420
2022-06-18 22:32:00.000,17745
2022-06-18 22:33:00.000,5428
2022-06-18 22:34:00.000,17771
2022-06-18 22:35:00.000,5436
2022-06-18 22:36:00.000,17797
2022-06-18 22:37:00.000,5444
2022-06-18 22:38:00.000,17823
2022-06-18 22:39:00.000,5452
2022-06-18 22:40:00.000,17849
2022-06-18 22:41:00.000,5460
2022-06-18 22:42:00.000,17875
2022-06-18 22:43:00.000,5468
2022-06-18 22:44:00.000,17901
2022-06-18 22:45:00.000,5476
2022-06-18 22:46:00.000,17927
2022-06-18 22:47:00.000,5484
2022-06-18 22:48:00.000,17953
2022-06-18 22:49:00.000,5492
2022-06-18 22:50:00.000,17979
2022-06-18 22:51:00.000,5500
2022-06-18 22:52:00.000,18005
2022-06-18 22:53:00.000,5508
2022-06-18 22:54:00.000,18031
2022-06-18 22:55:00.000,5516
2022-06-18 22:56:00.000,18057
2022-06-18 22:57:00.000,5524
2022-06-18 22:58:00.000,18083
2022-06-18 22:59:00.000,5532
2022-06-18 23:00:00.000,18109
2022-06-18 23:01:00.000,5540
2022-06-18 23:02:00.000,18135
2022-06-18 23:03:00.000,5548
2022-06-18 23:04:00.000,18161
2022-06-18 23:05:00.000,5556
2022-06-18 23:06:00.000,18187
2022-06-18 23:07:00.000,5564
2022-06-18 23:08:00.000,18213
2022-06-18 23:09:00.000,5572
2022-06-18 23:10:00.000,18239
2022-06-18 23:11:00.000,5580
2022-06-18 23:12:00.000,18265
2022-06-18 23:13:00.000,5588
2022-06-18 23:14:00.000,18291
2022-06-18 23:15:00.000,5596
2022-06-18 23:16:00.000,18317
2022-06-18 23:17:00.000,5604
2022-06-18 23:18:00.000,18343
2022-06-18 23:19:00.000,5612
2022-06-18 23:20:00.000,18369
2022-06-18 23:21:00.000,5620
2022-06-18 23:22:00.000,18395
2022-06-18 23:23:00.000,5628
2022-06-18 23:24:00.000,18421
2022-06-18 23:25:00.000,5636
2022-06-18 23:26:00.000,18447
2022-06-18 23:27:00.000,5644
2022-06-18 23:28:00.000,18473
2022-06-18 23:29:00.000,5652
2022-06-18 23:30:00.000,18499
2022-06-18 23:31:00.000,5660
2022-06-18 23:32:00.000,18525
2022-06-18 23:33:00.000,5668
2022-06-18 23:34:00.000,18551
2022-06-18 23:35:00.000,5676
2022-06-18 23:36:00.000,18577
2022-06-18 23:37:00.000,5684
2022-06-18 23:38:00.000,18603
2022-06-18 23:39:00.000,5692
2022-06-18 23:40:00.000,18629
2022-06-18 23:41:00.000,5700
2022-06-18 23:42:00.000,18655
2022-06-18 23:43:00.000,5708
2022-06-18 23:44:00.000,18681
2022-06-18 23:45:00.000,5716
2022-06-18 23:46:00.000,18707
2022-06-18 23:47:00.000,5724
2022-06-18 23:48:00.000,18733
2022-06-18 23:49:00.000,5732
2022-06-18 23:50:00.000,18759
2022-06-18 23:51:00.000,5740
2022-06-18 23:52:00.000,18785
2022-06-18 23:53:00.000,5748
2022-06-18 23:54:00.000,18811
2022-06-18 23:55:00.000,5756
2022-06-18 23:56:00.000,18837
2022-06-18 23:57:00.000,5764
2022-06-18 23:58:00.000,18863
2022-06-18 23:59:00.000,5772
2022-06-19 00:00:00.000,18889
